{
  "nodes": {
    "latex-to-image#1": {
      "contentWidth": 386.9765625,
      "rfNode": {
        "position": {
          "x": 959.0195164688646,
          "y": 383.38691293845636
        }
      }
    },
    "image-to-latex#1": {
      "rfNode": {
        "position": {
          "x": 413.32878234205964,
          "y": 13.386912938456348
        }
      }
    },
    "+javascript#1": {
      "contentWidth": 513.9307856683469,
      "rfNode": {
        "position": {
          "x": -208.75667238098293,
          "y": 13.386912938456348
        }
      }
    },
    "latex-to-expression#1": {
      "rfNode": {
        "position": {
          "x": 943.8137644474809,
          "y": -40.57833724457798
        }
      }
    },
    "calculate-expression#1": {
      "rfNode": {
        "position": {
          "x": 1429.311049798469,
          "y": -316.9533144904751
        }
      }
    },
    "expression-to-latex#1": {
      "rfNode": {
        "position": {
          "x": 1415.664960896817,
          "y": 329.421662755422
        }
      }
    },
    "latex-to-image#2": {
      "rfNode": {
        "position": {
          "x": 1892.3839417638292,
          "y": 329.42166275542195
        }
      }
    },
    "expression-to-latex#2": {
      "rfNode": {
        "position": {
          "x": 1910.4750214564438,
          "y": -270.4422918734935
        }
      }
    },
    "latex-to-image#3": {
      "contentWidth": 718.9801942050879,
      "rfNode": {
        "position": {
          "x": 2408.276591894853,
          "y": -258.1045670417478
        }
      }
    }
  }
}